user,login,ip,browser,normal,risk,unknow,class
hujixiang@wis-eye.com,14,3,2,11,3,0,zhengyangben
zhushicha@wis-eye.com,14,2,1,12,2,0,zhengyangben
jinzhen@wis-eye.com,10,3,1,9,0,1,zhengyangben
jikongming@wis-eye.com,17,2,1,16,1,0,zhengyangben
lintianxia@wis-eye.com,16,2,1,13,1,0,zhengyangben
mengchen@wis-eye.com,10,2,2,10,0,0,zhengyangben
zhangruiqi@wis-eye.com,13,3,1,11,1,1,zhengyangben
caihaiming@wis-eye.com,7,1,1,5,2,0,zhengyangben
oulibing@wis-eye.com,8,2,1,8,0,0,zhengyangben
wangxuwu@wis-eye.com,11,2,1,9,2,0,zhengyangben
cuirunze@wis-eye.com,12,2,1,10,2,0,zhengyangben
liyanzhe@wis-eye.com,15,1,2,13,0,1,zhengyangben
lihuaxin@wis-eye.com,11,2,1,11,0,0,zhengyangben
zhangyaqun@wis-eye.com,18,3,2,16,1,0,zhengyangben
lijunsong@wis-eye.com,12,2,1,10,2,0,zhengyangben
gongjun@wis-eye.com,15,2,2,14,0,1,zhengyangben
zhaiwenjie@wis-eye.com,13,2,1,11,2,0,zhengyangben
yuchao@wis-eye.com,17,2,1,17,0,0,zhengyangben
wangwei@wis-eye.com,13,2,1,12,1,0,zhengyangben
yutao@wis-eye.com,16,2,1,16,0,0,zhengyangben
fuyao@wis-eye.com,18,2,2,17,1,0,zhengyangben
liushenrong@wis-eye.com,17,3,1,14,3,0,zhengyangben
zhangpeng@wis-eye.com,10,3,1,10,0,0,zhengyangben
simone@wis-eye.com,22,2,1,5,6,0,fuyangben
linjinxiu@wis-eye.com,13,2,1,11,2,0,zhengyangben
luxin@wis-eye.com,10,2,1,8,0,2,zhengyangben
dongdong@wis-eye.com,20,3,2,19,1,0,zhengyangben
liujian@wis-eye.com,9,2,2,8,1,0,zhengyangben
zhangyaming@wis-eye.com,8,1,2,8,0,0,zhengyangben
lixuetao@wis-eye.com,9,1,2,7,2,0,zhengyangben
simthr@wis-eye.com,19,2,1,4,7,0,fuyangben
liuchaoyang@wis-eye.com,15,2,1,14,1,0,zhengyangben
liujiahow@wis-eye.com,7,2,1,7,0,0,zhengyangben
liuxinyu@wis-eye.com,9,2,2,9,0,0,zhengyangben
shiguoqian@wis-eye.com,7,3,1,7,0,0,zhengyangben
wanggang@wis-eye.com,15,2,1,14,1,0,zhengyangben
qiulei@wis-eye.com,5,2,1,4,1,0,zhengyangben
simfou@wis-eye.com,24,2,1,7,8,0,fuyangben
sunyue@wis-eye.com,17,3,1,15,1,0,zhengyangben
pengyanhao@wis-eye.com,14,2,2,13,1,0,zhengyangben
wangliming@wis-eye.com,12,3,1,11,1,0,zhengyangben
heyancheng@wis-eye.com,14,2,1,11,2,1,zhengyangben
simtwo@wis-eye.com,16,2,1,4,5,0,fuyangben
wangyang@wis-eye.com,12,1,1,11,0,1,zhengyangben
